HDAC1.0,SIN3A.0
18-27,729-783
28-37,739-766
58-67,558-587
58-67,604-613
68-77,558-613
68-77,729-748
68-77,774-783
78-87,496-515
78-87,528-613
78-87,729-766
78-87,774-803
88-97,506-515
88-97,528-623
88-97,704-758
88-97,774-783
98-107,558-613
98-107,729-766
98-107,774-783
108-117,558-587
108-117,749-766
138-147,558-623
138-147,729-738
148-157,558-587
148-157,604-623
148-157,729-738
178-187,604-623
178-187,664-673
188-197,614-623
198-207,604-633
198-207,664-683
198-207,694-713
208-217,604-633
208-217,654-683
208-217,694-713
218-227,614-623
218-227,664-683
228-237,664-683
238-247,674-683
268-277,664-683
328-337,759-766
348-357,664-703
358-367,614-623
358-367,654-703
