SAP30.0,SIN3A.0
31-60,749-766
61-63,749-766
64-73,476-485
64-73,729-783
74-83,476-485
74-83,739-783
84-93,466-485
84-93,739-766
94-103,466-515
94-103,729-766
104-113,739-766
114-123,466-515
114-123,729-766
124-129,456-515
124-129,739-758
130-139,739-748
140-149,528-587
140-149,604-613
140-149,729-766
140-149,794-803
150-159,528-587
150-159,729-758
150-159,774-831
160-169,739-758
160-169,794-823
170-179,729-766
170-179,774-831
180-189,729-766
180-189,774-783
180-189,794-823
190-199,739-748
200-209,528-557
200-209,739-748
200-209,794-803
210-219,794-813
220-220,476-505
