HDAC1.0,RCOR1.0
1-7,113-152
1-7,163-182
8-17,408-417
18-27,240-269
18-27,398-417
28-37,240-269
28-37,368-377
28-37,398-417
38-47,240-269
38-47,368-377
38-47,398-417
58-67,91-102
68-77,91-102
78-87,91-102
88-97,61-102
98-107,91-102
128-137,408-417
138-147,61-102
148-157,91-102
148-157,408-417
168-177,91-102
168-177,378-387
168-177,398-417
178-187,61-102
188-197,91-102
198-207,61-102
198-207,378-387
198-207,398-417
208-217,61-102
218-227,61-102
228-237,91-102
228-237,368-377
228-237,398-417
238-247,408-417
258-267,91-102
258-267,240-269
258-267,368-387
258-267,398-417
268-277,91-102
268-277,240-269
268-277,368-377
268-277,398-417
278-287,368-387
278-287,398-417
288-297,408-417
298-307,240-269
298-307,368-377
298-307,398-417
308-317,240-269
308-317,368-377
308-317,398-417
318-327,240-269
318-327,368-377
318-327,398-417
328-337,240-299
328-337,348-377
328-337,398-417
338-347,240-269
338-347,348-377
338-347,398-417
338-347,441-470
348-357,91-102
348-357,368-377
348-357,398-417
358-367,61-102
377-406,113-122
