HDAC1.0,SAP30.0
8-17,104-113
18-27,31-123
18-27,140-149
18-27,170-189
28-37,31-123
38-47,61-93
38-47,104-113
48-57,104-113
68-77,64-73
78-87,64-123
78-87,140-159
78-87,170-189
88-97,64-83
88-97,94-113
88-97,140-149
98-107,64-123
98-107,140-149
98-107,170-189
108-117,64-113
128-137,104-113
138-147,64-73
138-147,94-113
148-157,64-113
198-207,64-73
198-207,84-113
228-237,104-113
258-267,64-113
268-277,64-123
278-287,104-113
298-307,61-123
308-317,64-113
318-327,104-113
328-337,31-123
338-347,61-113
