HDAC1.1,MTA1.1
1-7,185-214
1-7,247-266
18-27,334-343
28-37,161-164
28-37,334-343
38-47,334-343
68-77,161-164
78-87,151-164
88-97,41-60
88-97,151-164
98-107,151-164
138-147,151-164
148-157,151-164
168-177,161-164
178-187,131-140
178-187,151-164
188-197,161-164
198-207,1-30
198-207,41-70
198-207,101-164
208-217,41-70
208-217,101-110
208-217,121-164
218-227,131-140
218-227,161-164
228-237,1-10
228-237,21-30
228-237,41-50
228-237,111-150
228-237,161-164
258-267,161-164
268-277,1-10
268-277,21-30
268-277,41-50
268-277,111-164
268-277,334-343
298-307,161-164
298-307,334-343
308-317,334-343
328-337,334-353
338-347,334-353
348-357,1-10
348-357,21-30
348-357,41-50
348-357,101-150
348-357,161-164
358-367,121-150
358-367,161-164
377-406,175-184
